STATE,DISTRICT,Year,Rape,Kidnapping and Abduction,Dowry Deaths,Assault on Women,Insult to Modesty of Women,Cruelty by Husband or His Relatives
ANDHRA PRADESH,ADILABAD,2011,84,70,20,112,142,429
ANDHRA PRADESH,ANANTAPUR,2011,16,83,36,156,16,198
ANDHRA PRADESH,CHITTOOR,2011,17,47,25,124,168,421
ANDHRA PRADESH,CUDDAPAH,2011,41,65,15,144,17,122
ANDHRA PRADESH,CYBERABAD,2011,89,90,51,158,234,1411
ANDHRA PRADESH,EAST GODAVARI,2011,72,51,17,176,224,575
ANDHRA PRADESH,GUNTAKAL RLY.,2011,0,0,0,0,3,1
ANDHRA PRADESH,GUNTUR,2011,40,57,8,223,140,494
ANDHRA PRADESH,GUNTUR URBAN,2011,33,28,6,86,111,395
ANDHRA PRADESH,HYDERABAD CITY,2011,59,39,37,157,93,1355
ANDHRA PRADESH,KARIMNAGAR,2011,58,120,40,253,235,702
ANDHRA PRADESH,KHAMMAM,2011,84,73,20,243,140,519
ANDHRA PRADESH,KRISHNA,2011,80,75,15,348,292,733
ANDHRA PRADESH,KURNOOL,2011,39,58,20,340,222,424
ANDHRA PRADESH,MAHABOOBNAGAR,2011,88,69,28,162,66,259
ANDHRA PRADESH,MEDAK,2011,38,33,26,121,50,384
ANDHRA PRADESH,NALGONDA,2011,48,51,36,229,150,255
ANDHRA PRADESH,NELLORE,2011,28,81,7,166,119,187
ANDHRA PRADESH,NIZAMABAD,2011,63,51,27,98,100,569
ANDHRA PRADESH,PRAKASHAM,2011,24,81,11,243,56,266
ANDHRA PRADESH,RAJAHMUNDRY,2011,15,28,3,44,34,189
ANDHRA PRADESH,RANGA REDDY,2011,24,20,15,50,2,89
ANDHRA PRADESH,SECUNDERABAD RLY.,2011,0,1,1,5,1,2
ANDHRA PRADESH,SRIKAKULAM,2011,29,23,8,91,83,333
ANDHRA PRADESH,TIRUPATHI URBAN,2011,10,1,5,40,7,112
ANDHRA PRADESH,VIJAYAWADA CITY,2011,37,50,17,248,355,1066
ANDHRA PRADESH,VIJAYAWADA RLY.,2011,1,2,1,3,2,1
ANDHRA PRADESH,VISAKHA RURAL,2011,38,30,8,120,128,203
ANDHRA PRADESH,VISAKHAPATNAM,2011,57,48,12,31,50,386
ANDHRA PRADESH,VIZIANAGARAM,2011,50,20,5,79,99,384
ANDHRA PRADESH,WARANGAL,2011,48,62,26,157,27,89
ANDHRA PRADESH,WARANGAL URBAN,2011,35,15,26,78,54,63
ANDHRA PRADESH,WEST GODAVARI,2011,97,90,27,364,238,760
ANDHRA PRADESH,TOTAL,2011,1442,1612,599,4849,3658,13376
ARUNACHAL PRADESH,ANJAW,2011,0,0,0,0,0,0
ARUNACHAL PRADESH,CHANGLANG,2011,3,7,0,3,0,2
ARUNACHAL PRADESH,DIBANG VALLEY,2011,3,2,0,1,0,0
ARUNACHAL PRADESH,K/KUMEY,2011,4,0,0,0,0,0
ARUNACHAL PRADESH,KAMENG EAST,2011,3,2,0,3,0,0
ARUNACHAL PRADESH,KAMENG WEST,2011,0,1,0,4,0,0
ARUNACHAL PRADESH,LOHIT,2011,5,4,0,2,0,0
ARUNACHAL PRADESH,PAPUM PARE,2011,4,17,0,7,0,9
ARUNACHAL PRADESH,RURAL,2011,2,4,0,4,0,3
ARUNACHAL PRADESH,SIANG EAST,2011,8,4,0,7,0,2
ARUNACHAL PRADESH,SIANG UPPER,2011,1,3,0,3,0,0
ARUNACHAL PRADESH,SIANG WEST,2011,2,5,0,8,0,2
ARUNACHAL PRADESH,SUBANSIRI LOWER,2011,2,3,0,0,0,0
ARUNACHAL PRADESH,SUBANSIRI UPPER,2011,2,6,0,5,0,0
ARUNACHAL PRADESH,TAWANG,2011,0,1,0,1,0,0
ARUNACHAL PRADESH,TIRAP,2011,3,1,0,3,0,0
ARUNACHAL PRADESH,UPPER DIBANG VALLEY,2011,0,0,0,0,0,0
ARUNACHAL PRADESH,TOTAL,2011,42,60,0,51,0,18
ASSAM,BARPETA,2011,92,156,5,25,0,336
ASSAM,BASKA,2011,29,60,3,4,0,25
ASSAM,BONGAIGAON,2011,72,64,5,2,0,126
ASSAM,C.I.D.,2011,0,0,0,0,0,0
ASSAM,CACHAR,2011,74,167,4,7,0,498
ASSAM,CHIRANG,2011,30,40,4,8,0,51
ASSAM,DARRANG,2011,95,192,2,109,2,164
ASSAM,DHEMAJI,2011,62,59,5,40,0,122
ASSAM,DHUBRI,2011,157,276,12,210,2,693
ASSAM,DIBRUGARH,2011,54,29,0,7,0,135
ASSAM,G.R.P.,2011,1,1,0,0,0,0
ASSAM,GOALPARA,2011,99,89,3,2,0,142
ASSAM,GOLAGHAT,2011,54,146,1,66,0,194
ASSAM,GUWAHATI CITY,2011,56,306,10,112,0,213
ASSAM,HAILAKANDI,2011,61,63,4,27,0,126
ASSAM,JORHAT,2011,49,11,2,49,0,172
ASSAM,KAMRUP,2011,63,139,6,61,0,147
ASSAM,KARBI ANGLONG,2011,13,35,0,22,0,20
ASSAM,KARIMGANJ,2011,46,68,4,15,0,194
ASSAM,KOKRAJHAR,2011,52,79,1,31,0,120
ASSAM,LAKHIMPUR,2011,52,120,0,57,0,119
ASSAM,MORIGAON,2011,54,93,3,12,0,112
ASSAM,N.C.HILLS,2011,3,8,1,0,0,4
ASSAM,NAGAON,2011,165,358,20,82,4,772
ASSAM,NALBARI,2011,28,83,4,95,0,140
ASSAM,R.P.O.,2011,5,3,0,1,0,10
ASSAM,SIBSAGAR,2011,49,118,8,78,0,99
ASSAM,SONITPUR,2011,96,231,12,34,0,346
ASSAM,TINSUKIA,2011,61,135,1,27,0,121
ASSAM,UDALGURI,2011,28,63,1,10,0,45
ASSAM,TOTAL,2011,1700,3192,121,1193,8,5246
BIHAR,ARARIA,2011,69,91,26,14,0,24
BIHAR,ARWAL,2011,5,9,24,8,0,8
BIHAR,AURANGABAD,2011,18,60,30,32,0,152
BIHAR,BAGAHA,2011,16,48,13,8,0,15
BIHAR,BANKA,2011,26,56,31,8,0,26
BIHAR,BEGUSARAI,2011,17,94,39,12,0,39
BIHAR,BETTIAH,2011,21,81,32,7,0,67
BIHAR,BHABHUA,2011,9,36,33,32,0,17
BIHAR,BHAGALPUR,2011,23,94,12,10,0,17
BIHAR,BHOJPUR,2011,16,48,40,2,0,72
BIHAR,BUXAR,2011,13,52,37,6,0,59
BIHAR,DARBHANGA,2011,34,97,38,202,0,284
BIHAR,GAYA,2011,23,63,56,7,0,47
BIHAR,GOPALGANJ,2011,17,106,35,30,0,56
BIHAR,JAMALPUR RLY.,2011,0,0,0,2,0,1
BIHAR,JAMUI,2011,23,28,13,34,0,40
BIHAR,JEHANABAD,2011,10,14,20,8,0,22
BIHAR,KATIHAR,2011,103,102,29,10,0,25
BIHAR,KATIHAR RLY.,2011,2,0,0,4,0,2
BIHAR,KHAGARIA,2011,14,42,15,0,0,26
BIHAR,KISHANGANJ,2011,30,60,13,20,0,50
BIHAR,LAKHISARAI,2011,5,31,14,12,0,44
BIHAR,MADHEPURA,2011,8,67,11,0,0,21
BIHAR,MADHUBANI,2011,44,148,35,0,0,138
BIHAR,MOTIHARI,2011,37,179,69,8,0,57
BIHAR,MUNGER,2011,7,56,10,2,0,49
BIHAR,MUZAFFARPUR,2011,56,219,76,4,0,91
BIHAR,MUZAFFARPUR RLY.,2011,0,4,1,11,0,0
BIHAR,NALANDA,2011,15,72,55,29,0,96
BIHAR,NAUGACHIA,2011,7,20,8,6,0,44
BIHAR,NAWADAH,2011,12,33,21,35,0,57
BIHAR,PATNA,2011,41,167,112,1,2,317
BIHAR,PATNA RLY.,2011,1,0,2,11,0,0
BIHAR,PURNEA,2011,62,78,13,24,3,140
BIHAR,ROHTAS,2011,20,84,32,46,0,57
BIHAR,SAHARSA,2011,8,41,17,35,0,27
BIHAR,SAMASTIPUR,2011,40,105,46,9,2,66
BIHAR,SARAN,2011,10,137,74,46,0,131
BIHAR,SHEIKHPURA,2011,3,14,8,0,0,35
BIHAR,SHEOHAR,2011,4,20,5,3,1,15
BIHAR,SITAMARHI,2011,8,49,29,14,0,33
BIHAR,SIWAN,2011,16,150,139,4,3,53
BIHAR,SUPAUL,2011,23,48,24,8,0,28
BIHAR,VAISHALI,2011,18,147,76,26,0,59
BIHAR,TOTAL,2011,934,3050,1413,790,11,2607
CHHATTISGARH,BALRAMPUR,2011,55,0,3,52,0,23
CHHATTISGARH,BILASPUR,2011,70,16,17,146,4,72
CHHATTISGARH,BIZAPUR,2011,4,2,0,5,0,3
CHHATTISGARH,DANTEWARA,2011,8,7,0,10,1,9
CHHATTISGARH,DHAMTARI,2011,27,18,4,44,3,16
CHHATTISGARH,DURG,2011,115,86,13,291,43,131
CHHATTISGARH,GARIYABAND,2011,21,1,5,30,1,8
CHHATTISGARH,GRP RAIPUR,2011,2,0,1,1,0,1
CHHATTISGARH,JAGDALPUR,2011,68,9,0,29,3,19
CHHATTISGARH,JANJGIR,2011,33,10,15,114,15,104
CHHATTISGARH,JASHPUR,2011,78,33,1,69,2,36
CHHATTISGARH,KABIRDHAM,2011,23,16,2,43,7,14
CHHATTISGARH,KANKER,2011,29,4,4,14,2,10
CHHATTISGARH,KORBA,2011,39,2,5,86,12,48
CHHATTISGARH,KORIYA,2011,72,11,3,95,1,55
CHHATTISGARH,MAHASAMUND,2011,30,35,2,65,11,31
CHHATTISGARH,NARAYANPUR,2011,5,0,0,2,1,0
CHHATTISGARH,RAIGARH,2011,62,10,11,84,6,32
CHHATTISGARH,RAIPUR,2011,133,35,11,232,53,100
CHHATTISGARH,RAJNANDGAON,2011,38,21,4,70,3,23
CHHATTISGARH,SARGUJA,2011,65,32,0,114,3,36
CHHATTISGARH,SURAJPUR,2011,76,17,3,58,3,63
CHHATTISGARH,TOTAL,2011,1053,365,104,1654,174,834
GOA,NORTH GOA,2011,13,8,1,20,9,10
GOA,SOUTH GOA,2011,16,9,0,9,3,8
GOA,TOTAL,2011,29,17,1,29,12,18
GUJARAT,AHMEDABAD COMMR.,2011,60,184,19,83,16,1390
GUJARAT,AHMEDABAD RURAL,2011,10,71,1,22,0,131
GUJARAT,AHWA-DANG,2011,1,0,1,1,0,8
GUJARAT,AMRELI,2011,10,77,0,28,1,143
GUJARAT,ANAND,2011,10,42,0,20,0,196
GUJARAT,BHARUCH,2011,13,27,0,9,0,4
GUJARAT,BHAVNAGAR,2011,8,88,0,35,33,181
GUJARAT,CID CRIME,2011,0,0,0,0,0,0
GUJARAT,DAHOD,2011,6,48,0,11,0,14
GUJARAT,GANDHINAGAR,2011,14,16,0,16,1,132
GUJARAT,HIMATNAGAR,2011,10,46,0,29,4,229
GUJARAT,JAMNAGAR,2011,21,51,0,34,8,356
GUJARAT,JUNAGADH,2011,11,68,1,26,4,423
GUJARAT,KHEDA NORTH,2011,12,48,0,14,0,132
GUJARAT,KUTCH (EAST(G)),2011,8,17,2,13,1,137
GUJARAT,KUTCH (WEST-BHUJ),2011,15,15,0,14,0,108
GUJARAT,MEHSANA,2011,9,63,2,20,2,242
GUJARAT,NARMADA,2011,7,4,0,3,0,5
GUJARAT,NAVSARI,2011,2,10,0,6,2,31
GUJARAT,PALANPUR,2011,38,87,1,64,1,349
GUJARAT,PANCHMAHAL,2011,10,57,0,33,0,249
GUJARAT,PATAN,2011,16,44,0,43,1,156
GUJARAT,PORBANDAR,2011,6,9,0,1,1,84
GUJARAT,RAJKOT COMMR.,2011,10,34,0,17,3,246
GUJARAT,RAJKOT RURAL,2011,23,69,2,21,6,279
GUJARAT,SURAT COMMR.,2011,36,83,0,34,3,276
GUJARAT,SURAT RURAL,2011,6,14,0,9,0,55
GUJARAT,SURENDRANAGAR,2011,19,41,0,28,4,129
GUJARAT,TAPI,2011,2,2,0,3,0,9
GUJARAT,VADODARA COMMR.,2011,9,44,1,15,2,240
GUJARAT,VADODARA RURAL,2011,28,62,0,19,0,95
GUJARAT,VALSAD,2011,9,19,0,6,0,23
GUJARAT,W.RLY AHMEDABAD,2011,0,1,0,6,0,0
GUJARAT,W.RLY VADODARA,2011,0,1,0,2,0,0
GUJARAT,TOTAL,2011,439,1442,30,685,93,6052
HARYANA,AMBALA,2011,37,23,5,28,20,191
HARYANA,BHIWANI,2011,41,30,18,26,12,97
HARYANA,FARIDABAD,2011,54,82,10,31,59,218
HARYANA,FATEHABAD,2011,15,18,7,6,8,86
HARYANA,GRP,2011,0,2,4,2,130,0
HARYANA,GURGAON,2011,40,37,25,27,29,107
HARYANA,HISSAR,2011,36,62,14,37,18,248
HARYANA,JHAJJAR,2011,32,19,12,20,26,117
HARYANA,JIND,2011,37,28,15,15,13,91
HARYANA,KAITHAL,2011,20,17,8,18,0,119
HARYANA,KARNAL,2011,62,18,18,25,26,166
HARYANA,KURUKSHETRA,2011,29,30,7,22,20,68
HARYANA,MAHENDRAGARH,2011,26,38,11,22,0,85
HARYANA,MEWAT,2011,28,23,7,9,3,119
HARYANA,PALWAL,2011,54,43,13,32,0,75
HARYANA,PANCHKULA,2011,17,15,2,9,0,77
HARYANA,PANIPAT,2011,47,70,11,29,19,163
HARYANA,REWARI,2011,17,19,7,19,34,94
HARYANA,ROHTAK,2011,57,32,9,38,52,124
HARYANA,SIRSA,2011,21,49,16,26,0,170
HARYANA,SONIPAT,2011,27,42,23,19,15,156
HARYANA,YAMUNANAGAR,2011,36,36,13,14,6,169
HARYANA,TOTAL,2011,733,733,255,474,490,2740
HIMACHAL PRADESH,BADDIPOLICEDIST,2011,8,15,0,7,0,9
HIMACHAL PRADESH,BILASPUR,2011,8,3,0,18,9,17
HIMACHAL PRADESH,CHAMBA,2011,6,18,2,29,3,10
HIMACHAL PRADESH,CID,2011,0,0,0,0,0,0
HIMACHAL PRADESH,G.R.P.,2011,0,0,0,0,0,0
HIMACHAL PRADESH,HAMIRPUR,2011,5,7,0,17,12,5
HIMACHAL PRADESH,KANGRA,2011,32,55,1,60,12,42
HIMACHAL PRADESH,KINNAUR,2011,6,1,1,4,0,1
HIMACHAL PRADESH,KULLU,2011,20,12,0,38,2,21
HIMACHAL PRADESH,LAHAUL-SPITI,2011,1,0,0,0,0,0
HIMACHAL PRADESH,MANDI,2011,26,16,0,55,12,40
HIMACHAL PRADESH,SHIMLA,2011,22,24,0,45,5,16
HIMACHAL PRADESH,SIRMAUR,2011,12,17,0,33,1,23
HIMACHAL PRADESH,SOLAN,2011,11,13,0,8,0,16
HIMACHAL PRADESH,UNA,2011,11,10,0,17,6,39
HIMACHAL PRADESH,TOTAL,2011,168,191,4,331,62,239
JAMMU & KASHMIR,ANANTNAG,2011,18,108,0,134,46,6
JAMMU & KASHMIR,AWANTIPORA,2011,4,26,0,13,5,3
JAMMU & KASHMIR,BANDIPORA,2011,1,57,0,61,5,3
JAMMU & KASHMIR,BARAMULLA,2011,12,73,0,94,23,1
JAMMU & KASHMIR,BUDGAM,2011,8,100,0,94,27,2
JAMMU & KASHMIR,CRIME JAMMU,2011,0,0,0,0,0,0
JAMMU & KASHMIR,CRIME SRINAGAR,2011,0,0,0,0,0,0
JAMMU & KASHMIR,DODA,2011,16,43,0,25,7,20
JAMMU & KASHMIR,GANDERBAL,2011,9,30,0,57,1,1
JAMMU & KASHMIR,HANDWARA,2011,6,33,0,76,14,1
JAMMU & KASHMIR,JAMMU,2011,35,61,3,38,45,51
JAMMU & KASHMIR,KARGIL,2011,1,1,0,2,0,2
JAMMU & KASHMIR,KATHUA,2011,17,32,5,32,8,19
JAMMU & KASHMIR,KISHTWAR,2011,4,25,0,12,1,16
JAMMU & KASHMIR,KULGAM,2011,10,44,0,68,12,1
JAMMU & KASHMIR,KUPWARA,2011,11,45,0,45,11,4
JAMMU & KASHMIR,LEH,2011,3,0,0,7,1,0
JAMMU & KASHMIR,POONCH,2011,18,32,0,31,7,29
JAMMU & KASHMIR,PULWAMA,2011,5,34,0,11,7,0
JAMMU & KASHMIR,RAILWAYS JAMMU,2011,0,0,0,0,0,0
JAMMU & KASHMIR,RAILWAYS KASHMIR,2011,0,0,0,0,1,0
JAMMU & KASHMIR,RAJOURI,2011,32,43,1,30,4,49
JAMMU & KASHMIR,RAMBAN,2011,13,15,0,12,4,0
JAMMU & KASHMIR,REASI,2011,11,15,0,11,5,1
JAMMU & KASHMIR,SAMBA,2011,3,11,2,6,17,5
JAMMU & KASHMIR,SHOPIAN,2011,8,29,0,77,8,0
JAMMU & KASHMIR,SOPORE,2011,4,38,0,58,9,5
JAMMU & KASHMIR,SRINAGAR,2011,14,110,0,171,70,54
JAMMU & KASHMIR,UDHAMPUR,2011,14,18,0,29,12,13
JAMMU & KASHMIR,TOTAL,2011,277,1023,11,1194,350,286
JHARKHAND,BOKARO,2011,46,57,13,4,0,102
JHARKHAND,CHAIBASA,2011,32,14,6,5,0,11
JHARKHAND,CHATRA,2011,12,17,15,1,0,9
JHARKHAND,DEOGHAR,2011,34,10,18,16,1,24
JHARKHAND,DHANBAD,2011,32,83,39,34,0,39
JHARKHAND,DHANBAD RLY.,2011,0,1,3,8,0,1
JHARKHAND,DUMKA,2011,34,18,7,19,0,40
JHARKHAND,GARHWA,2011,51,26,19,22,0,89
JHARKHAND,GIRIDIH,2011,47,41,30,40,2,35
JHARKHAND,GODDA,2011,29,8,0,21,0,10
JHARKHAND,GUMLA,2011,46,27,1,10,0,17
JHARKHAND,HAZARIBAGH,2011,22,52,26,25,0,22
JHARKHAND,JAMSHEDPUR,2011,39,54,17,32,0,76
JHARKHAND,JAMSHEDPUR RLY.,2011,1,8,0,5,0,0
JHARKHAND,JAMTARA,2011,15,11,10,10,0,19
JHARKHAND,KHUNTI,2011,13,3,0,4,0,1
JHARKHAND,KODERMA,2011,7,19,16,7,0,34
JHARKHAND,LATEHAR,2011,27,12,2,4,0,11
JHARKHAND,LOHARDAGGA,2011,30,12,3,2,0,13
JHARKHAND,PAKUR,2011,39,8,0,6,0,22
JHARKHAND,PALAMU,2011,28,34,28,6,0,12
JHARKHAND,RAMGARH,2011,24,23,7,8,0,3
JHARKHAND,RANCHI,2011,50,54,8,9,2,14
JHARKHAND,SAHEBGANJ,2011,71,37,5,4,0,32
JHARKHAND,SARAIKELA,2011,30,16,8,9,2,13
JHARKHAND,SIMDEGA,2011,25,15,1,6,0,10
JHARKHAND,TOTAL,2011,784,660,282,317,7,659
KARNATAKA,BAGALKOT,2011,15,9,0,38,0,58
KARNATAKA,BANGALORE COMMR.,2011,97,206,53,250,40,458
KARNATAKA,BANGALORE RURAL,2011,29,1,10,74,2,83
KARNATAKA,BELGAUM,2011,45,32,11,221,4,297
KARNATAKA,BELLARY,2011,6,15,15,65,1,103
KARNATAKA,BIDAR,2011,14,11,7,27,2,77
KARNATAKA,BIJAPUR,2011,7,21,8,66,0,116
KARNATAKA,CBPURA,2011,16,16,7,55,0,92
KARNATAKA,CHAMARAJNAGAR,2011,11,6,9,71,0,62
KARNATAKA,CHICKMAGALUR,2011,10,11,1,53,4,68
KARNATAKA,CHITRADURGA,2011,27,24,5,93,0,96
KARNATAKA,DAKSHIN KANNADA,2011,6,3,1,46,0,38
KARNATAKA,DAVANAGERE,2011,11,15,6,65,0,93
KARNATAKA,DHARWAD COMMR.,2011,7,18,3,22,2,56
KARNATAKA,DHARWAD RURAL,2011,0,5,2,21,0,22
KARNATAKA,GADAG,2011,5,5,0,48,0,32
KARNATAKA,GULBARGA,2011,36,73,2,111,0,153
KARNATAKA,HASSAN,2011,27,25,32,106,0,264
KARNATAKA,HAVERI,2011,13,0,0,76,0,74
KARNATAKA,K.G.F.,2011,4,11,1,14,0,28
KARNATAKA,KODAGU,2011,16,5,5,25,1,57
KARNATAKA,KOLAR,2011,17,13,3,21,0,23
KARNATAKA,KOPPAL,2011,13,0,0,23,0,70
KARNATAKA,MANDYA,2011,31,31,12,98,0,230
KARNATAKA,MANGALORE CITY,2011,16,4,0,27,2,43
KARNATAKA,MYSORE COMMR.,2011,11,17,5,23,0,32
KARNATAKA,MYSORE RURAL,2011,19,39,7,174,0,158
KARNATAKA,RAICHUR,2011,29,14,10,149,0,174
KARNATAKA,RAILWAYS,2011,0,1,0,0,0,0
KARNATAKA,RAMANAGAR,2011,19,45,23,101,0,71
KARNATAKA,SHIMOGA,2011,23,18,6,123,10,278
KARNATAKA,TUMKUR,2011,31,14,17,135,0,124
KARNATAKA,UDUPI,2011,5,3,1,45,1,42
KARNATAKA,UTTAR KANNADA,2011,11,4,3,73,12,75
KARNATAKA,YADGIRI,2011,9,0,2,69,0,65
KARNATAKA,TOTAL,2011,636,715,267,2608,81,3712
KERALA,ALAPUZHA,2011,56,10,1,245,76,310
KERALA,ERNAKULAM COMMR.,2011,62,4,1,149,44,225
KERALA,ERNAKULAM RURAL,2011,30,11,0,105,32,136
KERALA,IDUKKI,2011,54,8,0,169,18,237
KERALA,KANNUR,2011,55,11,0,161,23,373
KERALA,KASARGOD,2011,125,8,0,136,10,196
KERALA,KOLLAM COMMR.,2011,51,20,1,192,19,319
KERALA,KOLLAM RURAL,2011,46,10,0,255,8,298
KERALA,KOTTAYAM,2011,51,21,2,258,31,285
KERALA,KOZHIKODE COMMR.,2011,14,10,0,124,100,171
KERALA,KOZHIKODE RURAL,2011,46,16,1,179,13,322
KERALA,MALAPPURAM,2011,83,12,0,232,27,661
KERALA,PALAKKAD,2011,85,9,2,156,18,404
KERALA,PATHANAMTHITTA,2011,33,15,0,157,14,158
KERALA,RAILWAYS,2011,0,0,0,25,9,0
KERALA,THRISSUR COMMR.,2011,28,10,0,100,28,131
KERALA,THRISSUR RURAL,2011,69,12,1,263,28,449
KERALA,TRIVANDRUM COMMR.,2011,39,13,0,241,46,156
KERALA,TRIVANDRUM RURAL,2011,140,15,4,547,24,422
KERALA,WAYANADU,2011,65,6,2,62,5,124
KERALA,TOTAL,2011,1132,221,15,3756,573,5377
MADHYA PRADESH,ALIRAJPUR,2011,24,18,0,23,0,8
MADHYA PRADESH,ANUPPUR,2011,60,7,10,57,4,42
MADHYA PRADESH,ASHOK NAGAR,2011,36,5,8,105,8,33
MADHYA PRADESH,BALAGHAT,2011,55,7,3,104,7,37
MADHYA PRADESH,BARWANI,2011,39,7,2,58,5,11
MADHYA PRADESH,BETUL,2011,120,18,20,188,6,53
MADHYA PRADESH,BHIND,2011,51,18,28,71,11,45
MADHYA PRADESH,BHOPAL,2011,146,32,19,144,16,198
MADHYA PRADESH,BHOPAL RLY.,2011,0,0,0,8,2,0
MADHYA PRADESH,BURHANPUR,2011,29,2,5,41,5,13
MADHYA PRADESH,CHHATARPUR,2011,77,42,33,185,8,75
MADHYA PRADESH,CHHINDWARA,2011,111,22,14,189,41,89
MADHYA PRADESH,DAMOH,2011,52,14,27,193,0,139
MADHYA PRADESH,DATIYA,2011,25,19,10,65,0,37
MADHYA PRADESH,DEWAS,2011,102,21,19,162,30,110
MADHYA PRADESH,DHAR,2011,103,41,62,189,13,74
MADHYA PRADESH,DINDORI,2011,46,4,1,67,5,21
MADHYA PRADESH,GUNA,2011,75,24,9,122,14,30
MADHYA PRADESH,GWALIOR,2011,75,81,34,170,14,168
MADHYA PRADESH,HARDA,2011,53,15,5,59,9,14
MADHYA PRADESH,HOSHANGABAD,2011,59,26,16,149,17,120
MADHYA PRADESH,INDORE,2011,129,52,41,339,59,398
MADHYA PRADESH,INDORE RLY.,2011,2,1,1,4,0,0
MADHYA PRADESH,JABALPUR,2011,107,27,39,269,40,212
MADHYA PRADESH,JABALPUR RLY.,2011,3,2,1,3,0,0
MADHYA PRADESH,JHABUA,2011,42,17,4,62,0,10
MADHYA PRADESH,KATNI,2011,62,7,16,140,12,51
MADHYA PRADESH,KHANDWA,2011,59,10,5,141,19,24
MADHYA PRADESH,KHARGON,2011,39,13,38,118,14,38
MADHYA PRADESH,MANDLA,2011,63,9,4,101,12,27
MADHYA PRADESH,MANDSAUR,2011,49,18,4,100,6,58
MADHYA PRADESH,MORENA,2011,40,23,32,85,4,85
MADHYA PRADESH,NARSINGHPUR,2011,65,15,20,108,25,69
MADHYA PRADESH,NEEMUCH,2011,25,9,4,49,4,51
MADHYA PRADESH,PANNA,2011,48,5,14,87,5,48
MADHYA PRADESH,RAISEN,2011,118,22,15,179,16,67
MADHYA PRADESH,RAJGARH,2011,90,21,6,175,39,51
MADHYA PRADESH,RATLAM,2011,97,39,9,131,18,135
MADHYA PRADESH,REWA,2011,91,25,32,122,107,112
MADHYA PRADESH,SAGAR,2011,131,104,37,416,29,156
MADHYA PRADESH,SATNA,2011,83,13,20,177,7,109
MADHYA PRADESH,SEONI,2011,61,11,9,111,13,27
MADHYA PRADESH,SHAHDOL,2011,80,17,21,143,9,108
MADHYA PRADESH,SHAJAPUR,2011,50,10,8,135,17,7
MADHYA PRADESH,SHEOPUR,2011,18,7,2,28,2,9
MADHYA PRADESH,SHIVPURI,2011,93,18,13,168,5,65
MADHYA PRADESH,SIDHI,2011,32,31,16,93,1,45
MADHYA PRADESH,SIHORE,2011,82,26,11,119,14,76
MADHYA PRADESH,SINGRAULI,2011,43,24,13,89,1,59
MADHYA PRADESH,TIKAMGARH,2011,76,23,18,153,4,36
MADHYA PRADESH,UJJAIN,2011,81,35,14,196,36,176
MADHYA PRADESH,UMARIYA,2011,22,4,3,78,10,27
MADHYA PRADESH,VIDISHA,2011,87,27,16,197,19,79
MADHYA PRADESH,TOTAL,2011,3406,1088,811,6665,762,3732
MAHARASHTRA,AHMEDNAGAR,2011,78,59,32,160,5,677
MAHARASHTRA,AKOLA,2011,30,37,13,93,24,140
MAHARASHTRA,AMRAVATI COMMR.,2011,22,19,2,49,13,94
MAHARASHTRA,AMRAVATI RURAL,2011,69,27,3,142,43,104
MAHARASHTRA,AURANGABAD COMMR.,2011,16,24,7,65,29,122
MAHARASHTRA,AURANGABAD RURAL,2011,18,12,36,78,12,212
MAHARASHTRA,BEED,2011,32,37,11,99,14,378
MAHARASHTRA,BHANDARA,2011,23,9,1,30,14,50
MAHARASHTRA,BULDHANA,2011,26,27,14,124,24,194
MAHARASHTRA,CHANDRAPUR,2011,56,25,4,108,77,109
MAHARASHTRA,DHULE,2011,16,27,4,52,7,203
MAHARASHTRA,GADCHIROLI,2011,20,3,0,24,3,23
MAHARASHTRA,GONDIA,2011,31,23,1,67,19,36
MAHARASHTRA,HINGOLI,2011,18,8,0,42,5,82
MAHARASHTRA,JALGAON,2011,48,25,8,146,51,364
MAHARASHTRA,JALNA,2011,15,17,23,73,10,289
MAHARASHTRA,KOLHAPUR,2011,42,35,19,59,18,121
MAHARASHTRA,LATUR,2011,17,37,4,57,0,156
MAHARASHTRA,MUMBAI COMMR.,2011,221,166,14,553,162,393
MAHARASHTRA,MUMBAI RLY.,2011,3,6,0,8,3,0
MAHARASHTRA,NAGPUR COMMR.,2011,45,24,4,68,53,174
MAHARASHTRA,NAGPUR RLY.,2011,1,0,0,9,1,1
MAHARASHTRA,NAGPUR RURAL,2011,44,24,11,65,15,62
MAHARASHTRA,NANDED,2011,32,43,29,93,3,325
MAHARASHTRA,NANDURBAR,2011,20,15,0,40,7,87
MAHARASHTRA,NASIK COMMR.,2011,25,11,5,37,10,115
MAHARASHTRA,NASIK RURAL,2011,43,28,5,91,33,298
MAHARASHTRA,NAVI MUMBAI,2011,38,17,1,57,33,110
MAHARASHTRA,OSMANABAD,2011,30,18,2,88,11,186
MAHARASHTRA,PARBHANI,2011,26,16,5,80,6,215
MAHARASHTRA,PUNE COMMR.,2011,79,72,8,118,80,251
MAHARASHTRA,PUNE RLY.,2011,0,0,0,4,0,0
MAHARASHTRA,PUNE RURAL,2011,87,48,16,122,26,172
MAHARASHTRA,RAIGAD,2011,7,5,2,42,15,42
MAHARASHTRA,RATNAGIRI,2011,30,10,1,35,18,49
MAHARASHTRA,SANGLI,2011,40,13,5,51,8,98
MAHARASHTRA,SATARA,2011,34,36,2,80,16,179
MAHARASHTRA,SINDHUDURG,2011,11,7,0,8,12,5
MAHARASHTRA,SOLAPUR COMMR.,2011,22,18,0,31,9,68
MAHARASHTRA,SOLAPUR RURAL,2011,53,32,6,94,32,175
MAHARASHTRA,THANE COMMR.,2011,79,70,8,161,38,342
MAHARASHTRA,THANE RURAL,2011,63,32,10,105,18,57
MAHARASHTRA,WARDHA,2011,34,23,3,88,45,62
MAHARASHTRA,WASHIM,2011,13,21,12,80,12,118
MAHARASHTRA,YAVATMAL,2011,44,46,8,118,37,198
MAHARASHTRA,TOTAL,2011,1701,1252,339,3794,1071,7136
MANIPUR,BISHNUPUR,2011,2,11,0,11,0,3
MANIPUR,CHANDEL,2011,1,0,0,0,0,0
MANIPUR,CHURACHANDPUR,2011,0,3,0,0,0,1
MANIPUR,CID,2011,0,0,0,0,0,0
MANIPUR,IMPHAL EAST,2011,11,28,0,7,0,8
MANIPUR,IMPHAL WEST,2011,17,45,1,11,0,8
MANIPUR,SENAPATI,2011,0,1,0,0,0,0
MANIPUR,TAMENGLONG,2011,0,0,0,1,0,0
MANIPUR,THOUBAL,2011,21,28,0,8,0,19
MANIPUR,UKHRUL,2011,1,0,0,0,0,0
MANIPUR,TOTAL,2011,53,116,1,38,0,39
MEGHALAYA,GARO HILLS EAST,2011,3,0,0,0,0,0
MEGHALAYA,GARO HILLS SOUTH,2011,2,4,0,2,0,1
MEGHALAYA,GARO HILLS WEST,2011,8,9,1,22,1,8
MEGHALAYA,JAINTIA HILLS,2011,43,8,0,6,0,0
MEGHALAYA,KHASI HILLS EAST,2011,42,8,0,32,0,11
MEGHALAYA,KHASI HILLS WEST,2011,15,5,0,8,0,0
MEGHALAYA,RI-BHOI,2011,17,3,0,4,0,1
MEGHALAYA,TOTAL,2011,130,37,1,74,1,21
MIZORAM,AIZAWL,2011,35,0,0,43,0,9
MIZORAM,CHAMPHAI,2011,10,0,0,10,0,0
MIZORAM,KOLASIB,2011,7,0,0,3,1,0
MIZORAM,LAWNGTLAI,2011,2,0,0,0,0,0
MIZORAM,LUNGLEI,2011,13,0,0,3,0,0
MIZORAM,MAMIT,2011,4,0,0,4,0,0
MIZORAM,SAIHA,2011,2,0,0,5,0,0
MIZORAM,SERCHHIP,2011,4,0,0,4,0,0
MIZORAM,TOTAL,2011,77,0,0,72,1,9
NAGALAND,DIMAPUR,2011,9,1,0,7,0,1
NAGALAND,KIPHIRE,2011,0,0,0,0,0,0
NAGALAND,KOHIMA,2011,0,0,0,0,0,0
NAGALAND,LONGLENG,2011,1,0,0,0,0,0
NAGALAND,MOKOKCHUNG,2011,2,1,0,0,0,0
NAGALAND,MON,2011,2,0,0,0,0,0
NAGALAND,PEREN,2011,0,0,0,0,0,0
NAGALAND,PHEK,2011,3,0,0,2,0,0
NAGALAND,TUENSANG,2011,2,0,0,0,0,0
NAGALAND,WOKHA,2011,1,0,0,0,0,0
NAGALAND,ZUNHEBOTO,2011,3,1,0,0,0,0
NAGALAND,TOTAL,2011,23,3,0,9,0,1
ODISHA,ANGUL,2011,63,39,25,299,8,58
ODISHA,BALASORE,2011,75,97,45,217,19,279
ODISHA,BARAGARH,2011,21,11,16,91,18,99
ODISHA,BERHAMPUR,2011,13,15,9,154,12,86
ODISHA,BHADRAK,2011,26,51,24,93,4,138
ODISHA,BOLANGIR,2011,52,24,6,166,4,44
ODISHA,BOUDH,2011,14,16,0,56,5,15
ODISHA,CUTTACK,2011,34,40,24,26,5,133
ODISHA,DCP BBSR,2011,35,32,13,43,5,32
ODISHA,DCP CTC,2011,19,25,0,17,2,88
ODISHA,DEOGARH,2011,15,8,2,68,1,6
ODISHA,DHENKANAL,2011,17,29,22,185,11,24
ODISHA,GAJAPATI,2011,11,6,0,56,3,20
ODISHA,GANJAM,2011,50,39,32,358,15,0
ODISHA,JAGATSINGHPUR,2011,31,42,18,12,0,75
ODISHA,JAJPUR,2011,31,44,30,94,9,97
ODISHA,JHARSUGUDA,2011,27,12,7,45,4,17
ODISHA,KALAHANDI,2011,46,22,9,97,11,95
ODISHA,KANDHAMAL,2011,32,21,9,70,8,41
ODISHA,KENDRAPARA,2011,41,43,36,14,1,147
ODISHA,KEONJHAR,2011,75,44,22,134,11,110
ODISHA,KHURDA,2011,29,27,10,14,2,139
ODISHA,KORAPUT,2011,53,36,0,126,10,48
ODISHA,MALKANGIR,2011,8,10,6,46,7,19
ODISHA,MAYURBHANJ,2011,76,87,34,227,20,143
ODISHA,NAYAGARH,2011,25,26,16,4,1,89
ODISHA,NOWRANGPUR,2011,44,44,2,80,13,43
ODISHA,NUAPADA,2011,4,10,2,51,6,20
ODISHA,PURI,2011,21,27,27,16,1,98
ODISHA,RAYAGADA,2011,32,34,7,106,6,38
ODISHA,ROURKELA,2011,26,19,1,63,6,31
ODISHA,SAMBALPUR,2011,30,12,2,48,2,29
ODISHA,SONEPUR,2011,10,4,3,48,1,9
ODISHA,SRP(CUTTACK),2011,0,0,0,8,1,0
ODISHA,SRP(ROURKELA),2011,1,0,1,9,1,3
ODISHA,SUNDARGARH,2011,25,12,5,66,2,7
ODISHA,TOTAL,2011,1112,1008,465,3207,235,2320
PUNJAB,AMRITSAR,2011,16,20,1,16,0,58
PUNJAB,BARNALA,2011,5,5,3,6,0,10
PUNJAB,BATALA,2011,13,14,4,8,0,35
PUNJAB,BHATINDA,2011,37,20,5,11,1,49
PUNJAB,CP AMRITSAR,2011,20,34,4,7,1,101
PUNJAB,CP JALANDHAR,2011,15,40,4,19,3,74
PUNJAB,CP LUDHIANA,2011,48,76,14,25,12,109
PUNJAB,FARIDKOT,2011,8,6,1,10,0,20
PUNJAB,FATEHGARH SAHIB,2011,4,8,4,4,1,21
PUNJAB,FAZILKA,2011,21,17,3,5,0,29
PUNJAB,FEROZPUR,2011,20,25,6,9,0,53
PUNJAB,G.R.P,2011,0,0,0,0,0,0
PUNJAB,GURDASPUR,2011,12,22,6,17,0,38
PUNJAB,HOSHIARPUR,2011,28,23,11,13,2,72
PUNJAB,JALANDHAR,2011,31,26,6,22,0,57
PUNJAB,KAPURTHALA,2011,16,17,2,10,0,39
PUNJAB,KHANNA,2011,7,8,1,6,0,10
PUNJAB,LUDHIANA,2011,8,10,4,4,4,22
PUNJAB,MANSA,2011,14,5,4,5,0,13
PUNJAB,MOGA,2011,12,12,5,3,0,26
PUNJAB,MUKTSAR,2011,17,14,7,8,0,16
PUNJAB,PATHANKOT,2011,10,12,5,2,0,21
PUNJAB,PATIALA,2011,25,26,13,22,0,95
PUNJAB,ROPAR,2011,14,16,5,9,1,18
PUNJAB,SANGRUR,2011,30,11,14,10,0,36
PUNJAB,SAS NGR,2011,24,27,4,13,3,76
PUNJAB,SBS NAGAR,2011,8,6,4,6,3,14
PUNJAB,TARN TARAN,2011,16,17,3,12,0,24
PUNJAB,TOTAL,2011,479,517,143,282,31,1136
RAJASTHAN,AJMER,2011,70,108,15,105,0,709
RAJASTHAN,ALWAR,2011,99,143,53,136,0,556
RAJASTHAN,BANSWARA,2011,55,95,6,59,2,190
RAJASTHAN,BARAN,2011,60,88,10,158,1,351
RAJASTHAN,BARMER,2011,21,34,27,36,0,201
RAJASTHAN,BHARATPUR,2011,69,139,29,85,0,478
RAJASTHAN,BHILWARA,2011,52,74,16,90,0,558
RAJASTHAN,BIKANER,2011,55,25,17,54,0,446
RAJASTHAN,BUNDI,2011,40,99,6,114,0,298
RAJASTHAN,CHITTORGARH,2011,50,98,4,48,1,588
RAJASTHAN,CHURU,2011,37,26,10,11,0,342
RAJASTHAN,DAUSA,2011,13,72,12,17,0,184
RAJASTHAN,DHOLPUR,2011,32,64,19,12,0,197
RAJASTHAN,DUNGARPUR,2011,39,87,5,57,0,134
RAJASTHAN,G.R.P.AJMER,2011,2,6,0,9,0,0
RAJASTHAN,G.R.P.JODHPUR,2011,0,1,0,7,0,0
RAJASTHAN,GANGANAGAR,2011,99,68,19,73,1,653
RAJASTHAN,HANUMANGARH,2011,82,38,12,66,0,405
RAJASTHAN,JAIPUR EAST,2011,31,69,15,59,0,272
RAJASTHAN,JAIPUR NORTH,2011,20,38,8,23,0,241
RAJASTHAN,JAIPUR RURAL,2011,37,75,15,37,0,213
RAJASTHAN,JAIPUR SOUTH,2011,18,47,6,18,0,215
RAJASTHAN,JAIPUR WEST,2011,23,72,10,25,0,208
RAJASTHAN,JAISALMER,2011,4,5,5,17,0,20
RAJASTHAN,JALORE,2011,22,47,14,24,0,154
RAJASTHAN,JHALAWAR,2011,67,55,14,201,3,385
RAJASTHAN,JHUNJHUNU,2011,51,59,21,68,0,284
RAJASTHAN,JODHPUR CITY,2011,33,45,13,57,1,338
RAJASTHAN,JODHPUR RURAL,2011,26,35,17,28,0,133
RAJASTHAN,KARAULI,2011,38,78,18,18,0,174
RAJASTHAN,KOTA CITY,2011,24,74,5,58,0,413
RAJASTHAN,KOTA RURAL,2011,44,50,5,98,0,235
RAJASTHAN,NAGAUR,2011,70,60,14,66,0,398
RAJASTHAN,PALI,2011,64,88,11,84,0,451
RAJASTHAN,PRATAPGARH,2011,103,77,7,65,0,212
RAJASTHAN,RAJSAMAND,2011,14,44,2,61,0,234
RAJASTHAN,SAWAI MADHOPUR,2011,24,72,4,43,0,201
RAJASTHAN,SIKAR,2011,50,69,26,11,0,232
RAJASTHAN,SIROHI,2011,27,52,5,76,0,156
RAJASTHAN,TONK,2011,25,75,5,23,0,315
RAJASTHAN,UDAIPUR,2011,110,162,14,150,0,444
RAJASTHAN,TOTAL,2011,1800,2713,514,2447,9,12218
SIKKIM,EAST,2011,7,5,0,6,0,2
SIKKIM,NORTH,2011,0,0,0,1,0,0
SIKKIM,SOUTH,2011,4,4,0,11,0,1
SIKKIM,WEST,2011,5,1,0,6,0,1
SIKKIM,TOTAL,2011,16,10,0,24,0,4
TAMIL NADU,ARIYALUR,2011,16,17,1,47,3,15
TAMIL NADU,CHENNAI,2011,76,41,20,73,121,229
TAMIL NADU,CHENNAI RLY.,2011,0,1,1,6,5,0
TAMIL NADU,COIMBATORE RURAL,2011,5,29,1,43,0,50
TAMIL NADU,COIMBATORE URBAN,2011,9,10,2,32,5,83
TAMIL NADU,CUDDALORE,2011,30,102,16,12,0,57
TAMIL NADU,DHARMAPURI,2011,14,61,0,44,0,53
TAMIL NADU,DINDIGUL,2011,18,50,3,45,0,117
TAMIL NADU,ERODE,2011,10,35,1,35,3,19
TAMIL NADU,KANCHIPURAM,2011,19,22,1,25,4,25
TAMIL NADU,KANYAKUMARI,2011,10,50,3,7,137,90
TAMIL NADU,KARUR,2011,8,56,1,21,3,22
TAMIL NADU,KRISHNAGIRI,2011,12,52,7,32,1,29
TAMIL NADU,MADURAI RURAL,2011,21,88,12,68,3,73
TAMIL NADU,MADURAI URBAN,2011,7,18,5,22,4,71
TAMIL NADU,NAGAPATTINAM,2011,13,32,5,40,27,12
TAMIL NADU,NAMAKKAL,2011,8,55,1,58,12,14
TAMIL NADU,NILGIRIS,2011,6,7,0,8,2,4
TAMIL NADU,PERAMBALUR,2011,7,25,1,18,0,3
TAMIL NADU,PUDUKOTTAI,2011,7,41,0,24,2,18
TAMIL NADU,RAMNATHAPURAM,2011,6,51,1,14,0,9
TAMIL NADU,SALEM RURAL,2011,35,100,4,108,0,51
TAMIL NADU,SALEM URBAN,2011,23,35,2,21,9,38
TAMIL NADU,SIVAGANGAI,2011,5,30,1,33,1,43
TAMIL NADU,THANJAVUR,2011,10,43,1,76,0,12
TAMIL NADU,THENI,2011,22,79,12,40,0,89
TAMIL NADU,THIRUNELVELI RURAL,2011,52,46,8,57,0,120
TAMIL NADU,THIRUNELVELI URBAN,2011,7,13,0,7,0,2
TAMIL NADU,THIRUVALLUR,2011,6,10,7,2,1,12
TAMIL NADU,THIRUVANNAMALAI,2011,24,59,3,11,0,11
TAMIL NADU,THIRUVARUR,2011,4,20,2,8,0,6
TAMIL NADU,THOOTHUGUDI,2011,29,35,4,2,0,40
TAMIL NADU,TIRUPPUR,2011,9,43,9,42,0,89
TAMIL NADU,TRICHY RLY.,2011,0,0,0,3,1,1
TAMIL NADU,TRICHY RURAL,2011,13,52,2,38,0,35
TAMIL NADU,TRICHY URBAN,2011,6,21,2,17,26,28
TAMIL NADU,VELLORE,2011,25,78,5,29,0,44
TAMIL NADU,VILLUPURAM,2011,86,187,7,274,0,140
TAMIL NADU,VIRUDHUNAGAR,2011,19,49,1,25,94,58
TAMIL NADU,TOTAL,2011,677,1743,152,1467,464,1812
TRIPURA,DHALAI,2011,21,9,1,38,0,52
TRIPURA,GRP,2011,0,0,0,0,0,0
TRIPURA,NORTH,2011,40,27,1,50,1,172
TRIPURA,SOUTH,2011,58,24,5,84,1,181
TRIPURA,WEST,2011,86,56,23,122,7,297
TRIPURA,TOTAL,2011,205,116,30,294,9,702
UTTAR PRADESH,AGRA,2011,76,328,87,196,0,341
UTTAR PRADESH,ALIGARH,2011,66,265,73,194,0,256
UTTAR PRADESH,ALLAHABAD,2011,67,190,75,93,1,266
UTTAR PRADESH,AMBEDKAR NAGAR,2011,16,74,16,33,0,88
UTTAR PRADESH,AURAIYA,2011,15,73,25,14,0,26
UTTAR PRADESH,AZAMGARH,2011,28,101,27,27,0,49
UTTAR PRADESH,BADAUN,2011,18,115,48,62,0,59
UTTAR PRADESH,BAGHPAT,2011,12,74,17,35,0,106
UTTAR PRADESH,BAHRAICH,2011,57,128,62,49,0,55
UTTAR PRADESH,BALLIA,2011,7,64,17,21,0,27
UTTAR PRADESH,BALRAMPUR,2011,10,50,16,13,0,0
UTTAR PRADESH,BANDA,2011,26,48,29,56,0,31
UTTAR PRADESH,BARABANKI,2011,36,142,25,51,0,51
UTTAR PRADESH,BAREILLY,2011,34,193,63,92,0,155
UTTAR PRADESH,BASTI,2011,7,28,11,5,0,17
UTTAR PRADESH,BHIM NAGAR,2011,34,105,29,43,0,61
UTTAR PRADESH,BIJNOR,2011,39,118,30,14,0,238
UTTAR PRADESH,BULANDSHAHAR,2011,47,192,50,94,0,362
UTTAR PRADESH,CHANDOLI,2011,8,19,17,7,0,48
UTTAR PRADESH,CHITRAKOOT DHAM,2011,20,22,14,24,0,11
UTTAR PRADESH,CSM NAGAR,2011,20,96,17,40,0,53
UTTAR PRADESH,DEORIA,2011,8,53,27,12,0,24
UTTAR PRADESH,ETAH,2011,19,61,30,25,0,57
UTTAR PRADESH,ETAWAH,2011,13,73,42,28,0,52
UTTAR PRADESH,FAIZABAD,2011,27,114,11,56,0,21
UTTAR PRADESH,FATEHGARH,2011,16,83,25,35,0,59
UTTAR PRADESH,FATEHPUR,2011,40,92,45,55,0,45
UTTAR PRADESH,FIROZABAD,2011,32,144,43,57,0,83
UTTAR PRADESH,G.R.P.,2011,2,6,1,38,0,0
UTTAR PRADESH,GAUTAMBUDH NAGAR,2011,25,95,25,42,0,102
UTTAR PRADESH,GHAZIABAD,2011,22,219,47,59,0,255
UTTAR PRADESH,GHAZIPUR,2011,11,18,35,16,0,26
UTTAR PRADESH,GONDA,2011,34,116,27,29,0,6
UTTAR PRADESH,GORAKHPUR,2011,50,215,41,71,0,224
UTTAR PRADESH,HAMIRPUR,2011,12,38,15,33,0,20
UTTAR PRADESH,HARDOI,2011,24,123,32,55,0,72
UTTAR PRADESH,HATHRAS,2011,35,77,24,42,0,84
UTTAR PRADESH,J.P.NAGAR,2011,44,50,16,21,0,83
UTTAR PRADESH,JALAUN,2011,7,47,40,18,0,22
UTTAR PRADESH,JAUNPUR,2011,14,90,42,22,0,41
UTTAR PRADESH,JHANSI,2011,19,92,28,45,0,52
UTTAR PRADESH,KANNAUJ,2011,14,101,34,49,0,98
UTTAR PRADESH,KANPUR NAGAR,2011,71,303,69,140,2,284
UTTAR PRADESH,KANSHIRAM NAGAR,2011,22,47,22,33,0,21
UTTAR PRADESH,KAUSHAMBI,2011,23,40,22,36,0,31
UTTAR PRADESH,KHIRI,2011,35,132,57,76,0,57
UTTAR PRADESH,KUSHI NAGAR,2011,13,75,35,11,0,31
UTTAR PRADESH,LALITPUR,2011,15,30,14,52,0,26
UTTAR PRADESH,LUCKNOW,2011,55,283,48,142,0,511
UTTAR PRADESH,MAHARAJGANJ,2011,18,42,26,15,0,12
UTTAR PRADESH,MAHOBA,2011,16,31,15,41,0,31
UTTAR PRADESH,MAINPURI,2011,33,92,34,52,0,52
UTTAR PRADESH,MATHURA,2011,39,123,36,76,0,226
UTTAR PRADESH,MAU,2011,19,60,7,31,0,64
UTTAR PRADESH,MEERUT,2011,79,271,36,99,0,400
UTTAR PRADESH,MIRZAPUR,2011,3,5,20,3,0,34
UTTAR PRADESH,MORADABAD,2011,55,174,30,48,0,210
UTTAR PRADESH,MUZAFFARNAGAR,2011,19,179,25,37,0,203
UTTAR PRADESH,PANCHSHIL NAGAR,2011,18,78,15,25,0,72
UTTAR PRADESH,PILIBHIT,2011,12,62,39,31,0,69
UTTAR PRADESH,PRABUDDH NAGAR,2011,11,52,10,13,0,83
UTTAR PRADESH,PRATAPGARH,2011,24,85,31,35,0,121
UTTAR PRADESH,RAIBAREILLY,2011,29,55,16,36,0,51
UTTAR PRADESH,RAMABAI NAGAR,2011,21,83,29,35,0,65
UTTAR PRADESH,RAMPUR,2011,43,98,26,27,0,86
UTTAR PRADESH,SAHARANPUR,2011,21,82,32,16,0,135
UTTAR PRADESH,SANT KABIRNAGAR,2011,17,48,6,12,0,19
UTTAR PRADESH,SHAHJAHANPUR,2011,40,130,47,54,0,28
UTTAR PRADESH,SHRAWASTI,2011,16,36,16,26,0,1
UTTAR PRADESH,SIDHARTHNAGAR,2011,9,42,17,21,0,29
UTTAR PRADESH,SITAPUR,2011,66,202,60,131,0,138
UTTAR PRADESH,SONBHADRA,2011,19,21,8,21,0,16
UTTAR PRADESH,ST.RAVIDASNAGAR,2011,2,6,11,3,0,10
UTTAR PRADESH,SULTANPUR,2011,21,46,14,23,0,58
UTTAR PRADESH,UNNAO,2011,36,104,30,66,0,85
UTTAR PRADESH,VARANASI,2011,11,76,41,17,0,136
UTTAR PRADESH,TOTAL,2011,2042,7525,2322,3455,3,7121
UTTARAKHAND,ALMORA,2011,3,2,6,4,0,6
UTTARAKHAND,BAGESHWAR,2011,2,2,2,2,1,4
UTTARAKHAND,CHAMOLI,2011,2,1,0,2,0,2
UTTARAKHAND,CHAMPAWAT,2011,4,3,0,2,0,4
UTTARAKHAND,DEHRADUN,2011,31,47,10,16,38,101
UTTARAKHAND,HARIDWAR,2011,26,75,22,30,22,58
UTTARAKHAND,NAINITAL,2011,10,24,15,4,5,19
UTTARAKHAND,PAURI GARHWAL,2011,1,4,2,6,1,6
UTTARAKHAND,PITHORAGARH,2011,9,4,5,8,0,5
UTTARAKHAND,RUDRA PRAYAG,2011,3,4,3,6,3,6
UTTARAKHAND,TEHRI GARHWAL,2011,3,1,1,1,0,1
UTTARAKHAND,UDHAMSINGH NAGAR,2011,31,114,17,33,0,94
UTTARAKHAND,UTTARKASHI,2011,4,2,0,2,2,1
UTTARAKHAND,TOTAL,2011,129,283,83,116,72,307
WEST BENGAL,24 PARGANAS NORTH,2011,203,414,88,218,10,2847
WEST BENGAL,24 PARGANAS SOUTH,2011,274,349,43,121,3,2793
WEST BENGAL,ASANSOL,2011,31,50,10,30,7,461
WEST BENGAL,BANKURA,2011,44,36,16,83,1,195
WEST BENGAL,BIRBHUM,2011,44,51,25,63,0,337
WEST BENGAL,BURDWAN,2011,52,83,16,21,0,665
WEST BENGAL,COOCHBEHAR,2011,133,174,25,76,0,494
WEST BENGAL,DAKSHIN DINAJPUR,2011,55,111,11,77,5,283
WEST BENGAL,DARJEELING,2011,49,88,4,51,6,337
WEST BENGAL,HOOGHLY,2011,54,109,21,38,0,816
WEST BENGAL,HOWRAH,2011,35,114,26,75,16,644
WEST BENGAL,HOWRAH CITY,2011,24,103,2,2,0,411
WEST BENGAL,HOWRAH G.R.P.,2011,1,6,0,5,0,1
WEST BENGAL,JALPAIGURI,2011,211,257,13,223,0,947
WEST BENGAL,KHARAGPUR G.R.P.,2011,0,0,0,5,0,1
WEST BENGAL,KOLKATA,2011,46,116,11,254,144,557
WEST BENGAL,MALDA,2011,179,202,14,38,0,762
WEST BENGAL,MURSHIDABAD,2011,433,492,49,621,5,2956
WEST BENGAL,NADIA,2011,185,453,65,128,2,1923
WEST BENGAL,PASCHIM MIDNAPUR,2011,53,141,27,89,0,803
WEST BENGAL,PURAB MIDNAPUR,2011,65,156,22,18,0,835
WEST BENGAL,PURULIA,2011,65,52,3,64,0,197
WEST BENGAL,SEALDAH G.R.P.,2011,1,4,0,7,0,1
WEST BENGAL,SILIGURI G.R.P.,2011,0,1,0,4,0,0
WEST BENGAL,UTTAR DINAJPUR,2011,126,149,19,52,1,506
WEST BENGAL,TOTAL,2011,2363,3711,510,2363,200,19772
A & N ISLANDS,ANDAMAN,2011,13,12,0,14,3,5
A & N ISLANDS,NICOBAR,2011,0,0,0,1,0,0
A & N ISLANDS,TOTAL,2011,13,12,0,15,3,5
CHANDIGARH,CHANDIGARH,2011,27,46,2,21,12,46
CHANDIGARH,TOTAL,2011,27,46,2,21,12,46
D & N HAVELI,D and N HAVELI,2011,4,8,0,2,0,3
D & N HAVELI,TOTAL,2011,4,8,0,2,0,3
DAMAN & DIU,DAMAN,2011,1,1,0,0,0,2
DAMAN & DIU,DIU,2011,0,1,0,0,0,0
DAMAN & DIU,TOTAL,2011,1,2,0,0,0,2
DELHI,CAW,2011,1,0,0,1,0,128
DELHI,CENTRAL,2011,16,89,3,32,4,29
DELHI,CRIME BRANCH,2011,1,0,0,0,0,0
DELHI,TOTAL,2011,572,2085,142,657,162,1575
DELHI,EAST,2011,55,226,14,78,17,160
DELHI,EOW,2011,0,0,0,0,0,0
DELHI,GRP(RLY),2011,4,10,1,7,1,0
DELHI,IGI AIRPORT,2011,0,0,0,8,2,0
DELHI,NEW DELHI,2011,2,17,1,17,12,5
DELHI,NORTH,2011,11,84,4,15,10,88
DELHI,NORTH-EAST,2011,69,285,21,88,21,254
DELHI,NORTH-WEST,2011,58,177,10,48,13,117
DELHI,OUTER,2011,73,328,34,65,3,196
DELHI,SOUTH,2011,65,143,11,50,29,59
DELHI,SOUTH-EAST,2011,75,234,19,127,32,108
DELHI,SOUTH-WEST,2011,69,238,11,56,10,144
DELHI,STF,2011,0,0,0,0,0,0
DELHI,WEST,2011,73,254,13,65,8,287
LAKSHADWEEP,LAKSHADWEEP,2011,0,0,0,0,0,0
LAKSHADWEEP,TOTAL,2011,0,0,0,0,0,0
PUDUCHERRY,KARAIKAL,2011,0,0,0,10,4,1
PUDUCHERRY,PUDUCHERRY,2011,7,9,1,25,12,9
PUDUCHERRY,TOTAL,2011,7,9,1,35,16,10
